Location,Latitude,Longitude,Reddit_Score,News_Score,Total_Score
Mumbai,19.054999,72.8692035,6.74,4.8,5.285
Delhi,28.6273928,77.1716954,7.44,4.99,5.6025
Bangalore,12.98815675,77.62260003796,5.75,5.73,5.735
Hyderabad,17.360589,78.4740613,7.55,3.79,4.73
Ahmedabad,23.0215374,72.5800568,7.38,4.92,5.535
Chennai,13.0836939,80.270186,6.95,5.47,5.84
Kolkata,22.5726459,88.3638953,5.74,4.72,4.975
Surat,21.2094892,72.8317058,6.3,5.12,5.415
Pune,18.5213738,73.8545071,6.17,5.72,5.8325
Jaipur,26.9154576,75.8189817,7.55,4.96,5.6075
Mangalore,12.8698101,74.8430082,6.92,0.0,1.73
Belgaum,15.8572666,74.5069343,0.0,0.0,0.0
Ambattur,13.1193746,80.1507648,0.0,0.0,0.0
Tirunelveli,8.7284271,77.7112925,5.18,0.0,1.295
Malegaon,20.5576062,74.5246514,0.0,0.0,0.0
Gaya,24.67938895,85.01158329654393,0.0,5.17,3.8775
Jalgaon,20.84288265,75.52612463784979,5.48,0.0,1.37
Udaipur,24.578721,73.6862571,6.09,5.43,5.595
Maheshtala,22.5060294,88.2501665,0.0,0.0,0.0
Tirupur,11.1671878,77.3472673,0.0,0.0,0.0
India,22.3511148,78.6677428,4.07,6.09,5.585
